t,elapsed,lat,lon,speed_kmh,hr,cadence,distance_m
13:44:49,0.0,22.235952,114.187011,28.09,95,46,2.7
13:44:53,4.0,22.235992,114.187066,19.69,94,43,6.7
13:44:54,5.0,22.235996,114.187065,17.91,94,43,7.1
13:44:56,7.0,22.236005,114.187057,15.31,91,40,8.2
13:44:57,8.0,22.236011,114.187054,15.51,94,40,8.9
13:45:04,15.0,22.236056,114.187035,2.7,94,40,14.3
13:45:05,16.0,22.236059,114.187034,0.0,98,40,14.7
13:45:09,20.0,22.236062,114.187051,2.39,105,34,16.6
13:45:11,22.0,22.236059,114.187073,2.5,108,35,18.9
13:45:14,25.0,22.236048,114.18712,3.41,109,43,23.9
13:45:18,29.0,22.236035,114.187189,5.01,111,46,31.2
13:45:23,34.0,22.236045,114.187318,8.16,117,48,44.6
13:45:24,35.0,22.236059,114.187376,9.1,122,48,50.7
13:45:25,36.0,22.236059,114.187376,9.1,122,48,50.7
13:45:26,37.0,22.236067,114.187407,9.55,126,48,54.0
13:45:28,39.0,22.236086,114.187469,10.47,132,48,60.8
13:45:30,41.0,22.236108,114.187522,10.7,137,48,66.8
13:45:32,43.0,22.236139,114.187575,11.06,137,48,73.2
13:45:38,49.0,22.236257,114.187754,11.52,140,48,95.9
13:45:39,50.0,22.236257,114.187754,11.52,141,48,95.9
13:45:43,54.0,22.236337,114.187839,11.52,144,49,108.4
13:45:46,57.0,22.236405,114.187893,11.38,148,49,117.8
13:45:53,64.0,22.236578,114.18797,10.94,145,49,138.5
13:45:57,68.0,22.236679,114.187984,10.53,149,49,149.8
13:46:00,71.0,22.236759,114.187983,10.48,150,48,158.7
13:46:06,77.0,22.23691,114.187941,10.42,149,49,176.0
13:46:11,82.0,22.237042,114.18789,10.74,146,49,191.6
13:46:13,84.0,22.237095,114.187863,11.01,145,49,198.1
13:46:18,89.0,22.237231,114.187792,11.63,142,49,214.8
13:46:21,92.0,22.237311,114.187761,11.74,142,49,224.2
13:46:27,98.0,22.237468,114.187674,11.71,139,49,243.7
13:46:30,101.0,22.237543,114.187625,11.65,137,49,253.5
13:46:36,107.0,22.237704,114.187532,12.08,138,48,273.7
13:46:41,112.0,22.237835,114.187449,12.06,141,49,290.5
13:46:43,114.0,22.237887,114.187415,12.19,144,48,297.2
13:46:45,116.0,22.237934,114.187378,12.04,145,48,303.8
13:46:47,118.0,22.237981,114.187341,11.91,150,48,310.1
13:46:49,120.0,22.238029,114.187305,11.89,153,48,316.6
13:46:50,121.0,22.238053,114.187287,11.86,158,49,319.9
13:46:53,124.0,22.238123,114.187232,11.71,161,48,329.5
13:47:00,131.0,22.238287,114.187102,11.61,158,48,352.1
13:47:07,138.0,22.23844,114.186972,11.3,157,48,373.7
13:47:15,146.0,22.238621,114.186825,11.23,156,48,398.8
13:47:17,148.0,22.238669,114.186789,11.33,156,48,405.3
13:47:22,153.0,22.238787,114.186695,11.59,156,49,421.6
13:47:28,159.0,22.238912,114.186581,11.29,157,48,439.7
13:47:34,165.0,22.23905,114.186474,11.12,154,49,458.6
13:47:35,166.0,22.239073,114.186456,11.16,155,49,461.7
13:47:42,173.0,22.239228,114.18634,11.04,155,49,482.7
13:47:49,180.0,22.239391,114.186231,10.83,157,49,504.0
13:47:51,182.0,22.239442,114.186206,10.98,154,49,510.1
13:47:55,186.0,22.239533,114.186154,10.75,155,49,521.5
13:48:02,193.0,22.239685,114.186067,10.05,154,49,540.6
13:48:11,202.0,22.239904,114.185956,10.5,154,49,567.3
13:48:18,209.0,22.240073,114.185869,10.74,155,49,588.1
13:48:24,215.0,22.240177,114.18575,10.45,154,50,605.1
13:48:30,221.0,22.240202,114.185591,10.17,154,50,622.0
13:48:36,227.0,22.240143,114.185447,9.96,160,51,638.4
13:48:38,229.0,22.240108,114.185406,9.96,163,51,644.1
13:48:40,231.0,22.240069,114.185367,10.08,166,50,650.1
13:48:43,234.0,22.24,114.18532,10.33,165,50,659.1
13:48:47,238.0,22.239897,114.185263,10.9,168,51,671.9
13:48:50,241.0,22.239822,114.185221,11.15,169,50,681.3
13:48:56,247.0,22.23967,114.185141,11.34,169,50,700.1
13:49:05,256.0,22.239441,114.185003,11.58,170,50,729.1
13:49:13,264.0,22.239242,114.184889,11.4,167,49,754.0
13:49:20,271.0,22.239064,114.184793,11.27,169,49,776.2
13:49:27,278.0,22.23889,114.184674,11.69,168,50,799.0
13:49:29,280.0,22.238839,114.184641,11.76,165,49,805.6
13:49:34,285.0,22.238717,114.184567,11.43,165,50,821.1
13:49:40,291.0,22.238571,114.184491,11.02,168,51,839.1
13:49:41,292.0,22.238547,114.18448,10.9,168,50,841.9
13:49:51,302.0,22.238294,114.184379,10.77,170,51,871.8
13:50:00,311.0,22.238062,114.184284,10.99,169,51,899.4
13:50:09,320.0,22.237825,114.184193,11.14,168,51,927.3
13:50:17,328.0,22.237612,114.184115,11.24,169,51,952.2
13:50:24,335.0,22.237432,114.184047,11.1,170,52,973.4
13:50:30,341.0,22.23726,114.183994,11.29,169,51,993.1
13:50:33,344.0,22.237177,114.183976,11.34,169,51,1002.5
13:50:40,351.0,22.236973,114.183942,11.63,169,51,1025.4
13:50:46,357.0,22.236816,114.183991,11.4,168,52,1043.7
13:50:52,363.0,22.2367,114.1841,10.64,169,51,1060.8
13:51:00,371.0,22.236583,114.184303,10.84,169,52,1085.5
13:51:08,379.0,22.236478,114.184517,11.2,168,52,1110.5
13:51:16,387.0,22.236367,114.184734,11.38,167,52,1135.9
13:51:24,395.0,22.236287,114.184971,11.79,166,53,1162.1
13:51:31,402.0,22.23627,114.185188,11.63,169,52,1184.6
13:51:32,403.0,22.23627,114.18522,11.6,169,53,1187.9
13:51:39,410.0,22.236268,114.18544,11.69,170,53,1210.6
13:51:47,418.0,22.236252,114.185694,11.79,170,53,1236.9
13:51:55,426.0,22.236221,114.185941,11.57,171,52,1262.5
13:52:02,433.0,22.236201,114.18615,11.43,172,52,1284.3
13:52:09,440.0,22.236205,114.186355,11.04,173,53,1305.5
13:52:17,448.0,22.236197,114.186594,11.01,173,53,1330.1
13:52:24,455.0,22.236178,114.186806,11.21,173,53,1352.0
13:52:32,463.0,22.236164,114.187051,11.32,172,53,1377.3
13:52:40,471.0,22.236171,114.187293,11.34,172,53,1402.4
13:52:48,479.0,22.236177,114.187529,11.06,172,53,1426.7
13:52:56,487.0,22.236209,114.187751,10.78,173,53,1449.9
13:53:03,494.0,22.236289,114.187915,10.19,173,53,1469.2
13:53:09,500.0,22.236393,114.188009,9.43,173,42,1484.3
13:53:18,509.0,22.236537,114.18808,7.28,170,25,1501.8
13:53:24,515.0,22.236621,114.188083,6.27,170,31,1511.2
13:53:25,516.0,22.236633,114.188078,6.07,170,38,1512.5
13:53:29,520.0,22.236686,114.188068,5.02,170,38,1518.4
13:53:33,524.0,22.236719,114.188058,4.75,171,30,1522.2
13:53:36,527.0,22.236756,114.188045,4.65,170,27,1526.5
13:53:45,536.0,22.236837,114.188018,4.15,171,26,1536.0
13:53:49,540.0,22.236864,114.188008,3.44,168,0,1539.1
13:53:50,541.0,22.236872,114.188005,3.34,171,0,1540.0
13:53:53,544.0,22.236895,114.187999,3.19,167,0,1542.7
13:53:57,548.0,22.236921,114.187987,2.95,168,0,1545.8
13:54:00,551.0,22.236943,114.187975,3.11,163,0,1548.5
13:54:01,552.0,22.23695,114.187971,3.1,166,0,1549.4
13:54:09,560.0,22.236994,114.187948,2.74,165,34,1554.9
13:54:20,571.0,22.237058,114.187914,2.59,168,48,1562.8
13:54:22,573.0,22.237067,114.187908,2.55,169,33,1564.0
13:54:31,582.0,22.237117,114.187894,2.44,170,29,1569.7
13:54:37,588.0,22.237147,114.187889,2.24,165,29,1573.1
13:54:38,589.0,22.237151,114.187887,2.33,160,29,1573.6
13:54:39,590.0,22.237156,114.187884,2.19,155,29,1574.2
13:54:40,591.0,22.237162,114.187882,2.23,150,28,1574.9
13:54:41,592.0,22.237163,114.187878,2.11,145,28,1575.4
13:54:42,593.0,22.237171,114.187874,2.26,140,27,1576.3
13:54:43,594.0,22.237174,114.18787,2.2,135,27,1576.9
13:54:44,595.0,22.237183,114.187865,2.44,130,27,1577.9
13:54:45,596.0,22.237184,114.187862,0.0,126,27,1578.2
13:54:46,597.0,22.237188,114.187858,2.44,127,27,1578.8
13:54:48,599.0,22.237201,114.187856,2.51,127,23,1580.2
13:54:54,605.0,22.237257,114.187828,3.26,128,30,1587.0
13:54:56,607.0,22.23728,114.187812,3.69,131,44,1590.1
13:54:57,608.0,22.237292,114.187804,4.08,130,44,1591.7
13:55:00,611.0,22.237348,114.187769,5.58,133,50,1598.8
13:55:03,614.0,22.237408,114.187726,7.01,133,52,1606.8
13:55:06,617.0,22.237472,114.187679,8.51,136,53,1615.3
13:55:08,619.0,22.237525,114.187646,9.62,139,53,1622.1
13:55:10,621.0,22.237578,114.187609,10.61,137,54,1629.1
13:55:12,623.0,22.237626,114.187572,11.09,141,55,1635.7
13:55:16,627.0,22.237723,114.187494,11.9,144,54,1649.1
13:55:17,628.0,22.23775,114.187475,12.12,144,55,1652.6
13:55:21,632.0,22.237857,114.187396,12.45,147,57,1667.0
13:55:25,636.0,22.237969,114.187321,12.87,151,62,1681.6
13:55:26,637.0,22.237996,114.187302,13.01,153,65,1685.2
13:55:33,644.0,22.238214,114.187155,14.01,154,77,1713.7
13:55:37,648.0,22.238337,114.187067,14.55,157,81,1730.0
13:55:38,649.0,22.238369,114.187046,14.71,160,83,1734.2
13:55:39,650.0,22.238401,114.187025,14.78,164,83,1738.3
13:55:41,652.0,22.238464,114.186982,14.71,168,84,1746.6
13:55:43,654.0,22.238532,114.186948,14.85,174,84,1754.9
13:55:46,657.0,22.238626,114.186889,14.8,177,86,1767.0
13:55:47,658.0,22.238658,114.186869,14.75,178,81,1771.0
13:55:54,665.0,22.238867,114.186733,14.23,180,61,1798.0
13:55:56,667.0,22.238926,114.186698,14.01,177,59,1805.5
13:56:00,671.0,22.239041,114.186637,13.4,178,57,1819.6
13:56:06,677.0,22.239205,114.186518,13.08,175,57,1841.6
13:56:07,678.0,22.239233,114.186497,13.08,174,57,1845.4
13:56:15,686.0,22.239434,114.186364,12.39,172,59,1871.5
13:56:18,689.0,22.239511,114.186318,11.91,175,58,1881.2
13:56:24,695.0,22.239656,114.186231,11.21,174,58,1899.6
13:56:27,698.0,22.239725,114.186175,11.33,171,59,1909.2
13:56:29,700.0,22.239774,114.186136,11.38,170,57,1915.9
13:56:37,708.0,22.239955,114.185998,11.31,170,57,1940.5
13:56:45,716.0,22.240112,114.18585,10.74,168,57,1963.7
13:56:51,722.0,22.240147,114.185707,9.77,172,56,1979.0
13:56:56,727.0,22.240129,114.185584,9.22,175,57,1991.9
13:56:57,728.0,22.240118,114.185557,9.41,175,57,1995.0
13:56:59,730.0,22.24009,114.185507,9.68,174,57,2001.0
13:57:03,734.0,22.240014,114.18543,10.07,174,56,2012.6
13:57:11,742.0,22.239827,114.185305,10.85,172,56,2037.1
13:57:18,749.0,22.239644,114.185201,11.52,172,56,2060.0
13:57:27,758.0,22.239424,114.185056,11.57,169,58,2088.6
13:57:34,765.0,22.239236,114.184945,11.95,167,56,2112.3
13:57:41,772.0,22.239058,114.184853,11.72,167,56,2134.2
13:57:49,780.0,22.238861,114.184727,11.2,167,56,2159.6
13:57:56,787.0,22.238679,114.184638,11.52,167,56,2181.8
13:58:02,793.0,22.238532,114.18456,11.19,166,56,2200.0
13:58:09,800.0,22.238356,114.184473,10.92,165,56,2221.4
13:58:15,806.0,22.238206,114.184417,10.79,168,56,2239.0
13:58:21,812.0,22.238054,114.184352,10.72,169,56,2257.1
13:58:28,819.0,22.237855,114.184275,11.56,168,56,2280.5
13:58:35,826.0,22.237662,114.184208,11.73,167,56,2303.0
13:58:41,832.0,22.237493,114.184148,11.69,166,56,2322.6
13:58:48,839.0,22.237303,114.18409,11.57,166,56,2344.5
13:58:57,848.0,22.237043,114.184044,11.74,166,58,2373.7
13:59:04,855.0,22.236888,114.184118,10.53,164,56,2392.6
13:59:11,862.0,22.236767,114.184258,9.85,163,58,2412.3
13:59:16,867.0,22.236696,114.184376,10.26,166,61,2426.7
13:59:18,869.0,22.236668,114.184428,10.37,168,62,2433.0
13:59:24,875.0,22.236565,114.184581,11.24,169,59,2452.5
13:59:31,882.0,22.23645,114.184775,12.05,168,59,2476.2
13:59:33,884.0,22.236423,114.184822,11.78,164,59,2481.9
13:59:35,886.0,22.236396,114.184878,11.79,160,58,2488.4
13:59:36,887.0,22.236384,114.184906,11.72,157,58,2491.5
13:59:37,888.0,22.236374,114.184935,11.71,157,57,2494.7
13:59:44,895.0,22.236319,114.185123,10.88,154,55,2515.1
13:59:47,898.0,22.236299,114.185211,10.81,151,56,2524.4
13:59:51,902.0,22.236276,114.185334,10.99,152,55,2537.3
13:59:53,904.0,22.236269,114.185394,11.21,155,56,2543.6
13:59:59,910.0,22.236242,114.185583,11.66,154,55,2563.2
14:00:07,918.0,22.236224,114.185844,12.14,155,55,2590.2
14:00:16,927.0,22.23621,114.186131,11.84,156,55,2619.8
14:00:23,934.0,22.236184,114.186344,11.69,156,57,2642.0
14:00:32,943.0,22.236164,114.186625,11.42,156,56,2671.1
14:00:33,944.0,22.236165,114.18666,11.53,153,57,2674.6
14:00:39,950.0,22.236166,114.186863,12.42,154,59,2695.6
14:00:45,956.0,22.236155,114.187046,11.98,153,57,2714.5
14:00:53,964.0,22.236135,114.187287,11.16,152,58,2739.4
14:00:57,968.0,22.236123,114.187404,11.13,155,58,2751.6
14:01:01,972.0,22.236129,114.187529,11.24,154,56,2764.4
14:01:06,977.0,22.236156,114.18769,11.65,151,56,2781.3
14:01:08,979.0,22.236168,114.18775,11.76,151,56,2787.7
14:01:13,984.0,22.236207,114.187882,11.27,148,54,2802.0
14:01:15,986.0,22.236236,114.18792,10.75,148,54,2807.0
14:01:22,993.0,22.236332,114.188004,8.05,148,0,2820.8
14:01:30,1001.0,22.236453,114.188065,6.24,149,0,2835.6
14:01:38,1009.0,22.236563,114.188084,6.0,149,0,2847.9
14:01:41,1012.0,22.236593,114.188096,5.62,146,0,2851.5
14:01:46,1017.0,22.236624,114.188093,0.0,147,0,2854.8
14:01:47,1018.0,22.236629,114.188092,3.81,146,0,2855.4
14:01:51,1022.0,22.236663,114.188089,3.12,143,0,2859.2
14:01:54,1025.0,22.236683,114.188085,2.62,146,0,2861.4
14:01:55,1026.0,22.236689,114.188083,2.66,149,0,2862.1
14:02:00,1031.0,22.236713,114.188074,2.65,152,0,2864.9
14:02:15,1046.0,22.236763,114.188043,0.0,149,0,2871.3
14:02:30,1061.0,22.236776,114.188027,0.0,152,36,2874.2
14:02:31,1062.0,22.236776,114.188026,0.0,152,36,2874.2
14:02:36,1067.0,22.236773,114.188034,0.0,155,29,2875.1
14:02:40,1071.0,22.236773,114.188034,0.0,159,29,2875.2
14:02:44,1075.0,22.236771,114.188035,0.0,160,0,2875.6
14:02:52,1083.0,22.236763,114.188034,0.0,155,0,2876.7
14:02:54,1085.0,22.236762,114.188033,0.0,152,0,2876.8
14:02:55,1086.0,22.236761,114.188033,0.0,148,0,2877.0
14:02:57,1088.0,22.236759,114.188031,0.0,144,0,2877.2
14:03:05,1096.0,22.236766,114.188034,0.0,141,0,2878.4
14:03:11,1102.0,22.236774,114.18803,0.0,143,27,2878.8
14:03:16,1107.0,22.236779,114.188027,0.0,146,0,2879.8
14:03:20,1111.0,22.236779,114.188024,0.0,149,0,2880.0
14:03:24,1115.0,22.236787,114.188024,0.0,151,0,2880.5
14:03:34,1125.0,22.236789,114.188015,0.0,148,0,2882.0
14:03:39,1130.0,22.236787,114.188017,0.0,144,0,2882.3
14:03:40,1131.0,22.236787,114.188016,0.0,144,0,2882.4
14:03:48,1139.0,22.236783,114.188016,0.0,141,0,2882.8
14:03:58,1149.0,22.236785,114.188013,0.0,139,0,2883.4
14:04:05,1156.0,22.236799,114.188016,0.0,142,0,2883.8
14:04:06,1157.0,22.236801,114.188017,0.0,139,0,2883.9
14:04:10,1161.0,22.236806,114.188021,0.0,136,0,2884.4
14:04:14,1165.0,22.236816,114.188025,0.0,132,0,2884.4
14:04:30,1181.0,22.236807,114.188017,0.0,133,0,2885.9
14:04:34,1185.0,22.236799,114.188012,0.0,130,0,2886.8
14:04:45,1196.0,22.236791,114.187998,0.0,130,0,2888.6
14:04:52,1203.0,22.236793,114.187996,0.0,131,0,2888.8
14:05:03,1214.0,22.236789,114.187994,0.0,132,0,2889.4
14:05:17,1228.0,22.236789,114.187992,0.0,129,0,2890.2
14:05:18,1229.0,22.236789,114.187992,0.0,129,0,2890.2
14:05:31,1242.0,22.236786,114.187993,0.0,126,0,2891.1
14:05:34,1245.0,22.236789,114.187993,0.0,127,0,2891.4
14:05:45,1256.0,22.23681,114.187986,0.0,127,0,2893.8
14:06:01,1272.0,22.236812,114.18798,0.0,125,0,2894.7
14:06:18,1289.0,22.236844,114.187954,1.24,125,28,2899.2
14:06:21,1292.0,22.236893,114.187913,3.29,126,53,2906.1
14:06:23,1294.0,22.236936,114.187878,5.05,125,74,2912.0
14:06:27,1298.0,22.237051,114.187785,9.67,128,60,2927.9
14:06:29,1300.0,22.237114,114.187734,11.82,130,62,2936.8
14:06:30,1301.0,22.237147,114.187706,12.65,133,55,2941.3
14:06:31,1302.0,22.237179,114.187679,13.35,138,63,2945.8
14:06:32,1303.0,22.23721,114.187651,14.07,142,56,2950.3
14:06:34,1305.0,22.237272,114.187589,15.24,146,76,2959.6
14:06:35,1306.0,22.237304,114.18756,15.69,152,77,2964.3
14:06:37,1308.0,22.237372,114.187501,16.34,156,92,2974.0
14:06:38,1309.0,22.237405,114.187468,16.58,159,77,2979.0
14:06:40,1311.0,22.237465,114.187405,16.78,161,68,2988.2
14:06:42,1313.0,22.237514,114.187341,16.66,165,74,2996.8
14:06:43,1314.0,22.237542,114.187312,16.6,166,75,3001.1
14:06:45,1316.0,22.237599,114.187258,16.43,170,67,3009.6
14:06:50,1321.0,22.237731,114.187133,15.04,174,63,3029.0
14:06:53,1324.0,22.237815,114.187061,14.5,171,62,3040.8
14:06:59,1330.0,22.237974,114.186924,13.85,171,63,3063.4
14:07:06,1337.0,22.238168,114.186763,13.76,174,66,3090.5
14:07:07,1338.0,22.238193,114.186739,13.7,174,67,3094.3
14:07:10,1341.0,22.238273,114.186667,13.85,178,66,3105.8
14:07:13,1344.0,22.238351,114.186594,13.81,182,68,3117.2
14:07:15,1346.0,22.2384,114.186545,13.66,180,70,3124.6
14:07:23,1354.0,22.238595,114.186343,13.54,180,77,3154.6
14:07:29,1360.0,22.238745,114.186191,13.62,181,71,3177.4
14:07:35,1366.0,22.238874,114.186053,12.92,182,38,3197.6
14:07:42,1373.0,22.238943,114.185913,9.94,179,26,3214.2
14:07:51,1382.0,22.238919,114.185773,6.42,178,0,3229.1
14:07:55,1386.0,22.238899,114.185722,5.67,175,0,3234.8
14:07:59,1390.0,22.23888,114.185675,5.05,172,0,3240.1
14:08:01,1392.0,22.238871,114.185654,4.86,171,0,3242.6
14:08:04,1395.0,22.238856,114.185627,4.56,168,0,3245.8
14:08:08,1399.0,22.238834,114.185599,4.04,165,0,3249.5
14:08:10,1401.0,22.238822,114.185585,3.84,164,0,3251.3
14:08:16,1407.0,22.238794,114.18552,3.95,162,40,3258.6
14:08:20,1411.0,22.238777,114.185466,4.57,158,37,3264.4
14:08:25,1416.0,22.238761,114.185395,5.07,159,38,3271.9
14:08:34,1425.0,22.238738,114.185225,6.71,157,45,3289.7
14:08:40,1431.0,22.238693,114.185085,8.34,158,46,3304.9
14:08:48,1439.0,22.238584,114.184907,9.8,160,46,3326.9
14:08:55,1446.0,22.238443,114.184792,9.98,163,48,3346.6
14:08:56,1447.0,22.238422,114.184776,10.02,163,48,3349.4
14:09:06,1457.0,22.238203,114.184619,10.43,164,47,3378.5
14:09:14,1465.0,22.238021,114.184491,10.76,165,48,3402.7
14:09:22,1473.0,22.237845,114.184357,10.71,168,48,3426.6
14:09:30,1481.0,22.237686,114.184214,10.58,169,47,3449.6
14:09:37,1488.0,22.237562,114.184073,10.26,169,46,3469.6
14:09:46,1497.0,22.237401,114.183901,10.07,171,49,3494.7
14:09:53,1504.0,22.237247,114.183831,9.76,171,44,3513.3
14:10:00,1511.0,22.237088,114.183844,9.37,171,47,3531.0
14:10:07,1518.0,22.236973,114.183915,8.22,170,40,3545.9
14:10:17,1528.0,22.236866,114.184031,6.16,167,0,3562.7
14:10:20,1531.0,22.236841,114.18406,5.73,164,0,3566.8
14:10:27,1538.0,22.236772,114.184132,5.35,162,0,3577.3
14:10:32,1543.0,22.236716,114.184178,5.54,159,0,3585.2
14:10:36,1547.0,22.236673,114.184203,5.31,158,0,3590.6
14:10:45,1556.0,22.236607,114.184243,0.0,159,0,3599.1
14:10:58,1569.0,22.236609,114.18427,0.0,160,0,3601.2
14:11:00,1571.0,22.236607,114.18427,0.0,155,0,3601.4
14:11:03,1574.0,22.236606,114.184273,0.0,150,0,3601.7
14:11:05,1576.0,22.236606,114.184273,0.0,147,0,3601.7
14:11:07,1578.0,22.236605,114.184275,0.0,144,0,3601.9
14:11:11,1582.0,22.236605,114.184279,0.0,141,0,3602.4
14:11:14,1585.0,22.236605,114.18428,0.0,139,0,3602.5
14:11:19,1590.0,22.236607,114.184286,0.0,136,0,3603.2
14:11:27,1598.0,22.236599,114.184299,0.0,135,0,3605.0
14:11:33,1604.0,22.236585,114.184366,2.6,135,63,3612.1
14:11:34,1605.0,22.23658,114.184393,3.42,133,65,3614.9
14:11:37,1608.0,22.23656,114.184484,5.94,136,77,3624.6
14:11:39,1610.0,22.236546,114.184551,8.0,136,81,3631.7
14:11:42,1613.0,22.236519,114.18466,11.07,140,71,3643.2
14:11:44,1615.0,22.236501,114.184738,12.54,143,55,3651.5
14:11:45,1616.0,22.236492,114.184778,13.1,146,65,3655.8
14:11:46,1617.0,22.236485,114.184817,13.5,148,65,3659.9
14:11:49,1620.0,22.236459,114.184938,14.44,151,68,3672.7
14:11:52,1623.0,22.236434,114.185057,14.97,154,94,3685.2
14:11:54,1625.0,22.236417,114.185137,15.16,156,79,3693.7
14:11:58,1629.0,22.236396,114.185294,15.03,159,67,3710.0
14:12:01,1632.0,22.236381,114.185409,14.79,160,65,3722.0
14:12:08,1639.0,22.236356,114.185666,13.96,162,64,3748.7
14:12:16,1647.0,22.236314,114.185943,13.23,162,65,3777.5
14:12:20,1651.0,22.236295,114.186075,12.79,166,66,3791.2
14:12:22,1653.0,22.236287,114.186142,12.64,169,66,3798.2
14:12:23,1654.0,22.236284,114.186176,12.59,170,66,3801.8
14:12:26,1657.0,22.236276,114.18628,12.65,173,67,3812.5
14:12:31,1662.0,22.236255,114.186457,12.95,175,69,3830.8
14:12:37,1668.0,22.236241,114.186674,13.31,174,77,3853.2
14:12:44,1675.0,22.236214,114.186927,13.51,177,75,3879.5
14:12:52,1683.0,22.236178,114.187204,13.14,176,50,3908.3
14:13:00,1691.0,22.236171,114.187395,9.9,174,0,3928.1
14:13:07,1698.0,22.236189,114.187521,7.47,170,0,3941.2
14:13:12,1703.0,22.236195,114.187591,6.11,169,0,3948.4
14:13:13,1704.0,22.236195,114.187605,5.98,165,0,3949.9
14:13:14,1705.0,22.236196,114.187618,5.81,169,0,3951.3
14:13:17,1708.0,22.236198,114.187655,5.24,172,0,3955.1
14:13:23,1714.0,22.236205,114.187722,4.49,171,0,3962.1
14:13:32,1723.0,22.236229,114.187798,3.56,168,0,3970.3
14:13:34,1725.0,22.236232,114.187808,3.15,166,0,3971.3
14:13:42,1733.0,22.236241,114.187837,0.0,163,0,3974.5
14:13:50,1741.0,22.236247,114.187858,0.0,160,0,3976.7
14:13:52,1743.0,22.236248,114.187862,0.0,159,0,3977.2
14:13:59,1750.0,22.236258,114.187877,0.0,156,48,3979.1
14:14:06,1757.0,22.236244,114.187871,0.0,154,41,3980.9
14:14:14,1765.0,22.236233,114.187912,1.9,154,27,3985.6
14:14:19,1770.0,22.236221,114.187971,3.33,151,37,3991.9
14:14:23,1774.0,22.236208,114.188043,5.14,152,41,3999.4
14:14:24,1775.0,22.236204,114.188061,5.5,150,41,4001.3
14:14:29,1780.0,22.236185,114.188164,6.87,153,41,4012.1
14:14:30,1781.0,22.236179,114.188186,7.21,154,42,4014.5
14:14:37,1788.0,22.23614,114.188307,7.37,153,35,4027.7
14:14:44,1795.0,22.236115,114.18839,5.41,154,0,4036.8
14:14:52,1803.0,22.236109,114.188434,0.0,151,0,4041.3
14:14:53,1804.0,22.236108,114.188437,0.0,150,0,4041.6
14:14:55,1806.0,22.236106,114.188435,0.0,154,0,4041.7
14:15:03,1814.0,22.236101,114.18844,0.0,150,36,4042.5
14:15:04,1815.0,22.236101,114.188441,0.0,148,38,4042.6
14:15:08,1819.0,22.236104,114.188437,0.0,145,40,4043.1
14:15:11,1822.0,22.236101,114.188429,0.0,148,33,4043.9
14:15:15,1826.0,22.236101,114.188412,1.03,151,35,4045.7
14:15:16,1827.0,22.2361,114.188408,0.0,150,35,4046.1
14:15:27,1838.0,22.236106,114.188352,0.0,147,30,4052.0
14:15:30,1841.0,22.236112,114.188341,0.0,146,0,4053.2
14:15:38,1849.0,22.236121,114.188341,0.0,141,34,4055.7
14:15:40,1851.0,22.236129,114.188353,1.57,140,35,4057.2
14:15:46,1857.0,22.236168,114.188416,3.29,138,42,4065.0
14:15:48,1859.0,22.236189,114.18844,4.17,139,45,4068.5
14:15:51,1862.0,22.23623,114.18847,5.27,142,43,4073.9
14:15:54,1865.0,22.236279,114.188495,6.16,144,41,4079.9
14:15:57,1868.0,22.236332,114.188514,6.79,147,48,4086.1
14:15:58,1869.0,22.236351,114.18852,6.98,150,48,4088.3
14:16:00,1871.0,22.236388,114.188531,7.24,147,46,4092.6
14:16:01,1872.0,22.236407,114.188533,7.34,147,46,4094.7
14:16:06,1877.0,22.236495,114.188531,7.36,150,46,4104.4
14:16:08,1879.0,22.236531,114.188525,7.35,150,46,4108.4
14:16:15,1886.0,22.236639,114.188487,6.86,150,0,4121.1
14:16:18,1889.0,22.236681,114.188466,6.56,147,0,4126.2
14:16:24,1895.0,22.236756,114.188409,6.05,149,30,4136.4
14:16:30,1901.0,22.236812,114.188341,5.89,150,26,4145.7
14:16:34,1905.0,22.236847,114.188306,5.4,147,37,4150.9
14:16:35,1906.0,22.236857,114.188296,5.37,147,38,4152.5
14:16:40,1911.0,22.236892,114.188239,5.09,146,39,4159.4
14:16:44,1915.0,22.236914,114.188197,4.89,148,35,4164.4
14:16:45,1916.0,22.236917,114.188183,4.92,149,35,4165.9
14:16:51,1922.0,22.236945,114.188125,4.4,151,34,4172.6
14:17:01,1932.0,22.236989,114.188031,3.97,149,0,4183.4
14:17:05,1936.0,22.237009,114.187991,3.97,152,55,4188.1
14:17:08,1939.0,22.237042,114.187933,5.18,154,62,4195.1
14:17:14,1945.0,22.237156,114.187788,9.06,157,81,4214.6
14:17:17,1948.0,22.237231,114.187708,11.48,154,84,4226.3
14:17:21,1952.0,22.237343,114.187607,13.39,154,87,4242.6
14:17:23,1954.0,22.237396,114.187556,13.88,157,87,4250.4
14:17:25,1956.0,22.237453,114.187509,14.2,162,87,4258.3
14:17:27,1958.0,22.23751,114.187459,14.44,165,87,4266.4
14:17:28,1959.0,22.237539,114.187433,14.54,167,89,4270.6
14:17:30,1961.0,22.237595,114.187382,14.5,164,81,4278.7
14:17:32,1963.0,22.237654,114.187334,14.5,168,71,4286.9
14:17:35,1966.0,22.237739,114.18726,14.63,169,65,4299.1
14:17:41,1972.0,22.237887,114.187107,14.11,172,63,4321.8
14:17:45,1976.0,22.237979,114.187004,13.65,174,65,4336.5
14:17:50,1981.0,22.23811,114.186882,13.53,171,66,4355.6
14:17:53,1984.0,22.238185,114.186815,13.44,170,69,4366.5
14:17:57,1988.0,22.238288,114.186718,13.55,173,69,4381.6
14:18:01,1992.0,22.238384,114.186619,13.36,172,75,4396.4
14:18:04,1995.0,22.238454,114.186546,13.3,173,83,4407.1
14:18:07,1998.0,22.238523,114.186475,13.08,172,89,4417.7
14:18:12,2003.0,22.238647,114.18636,13.01,175,89,4435.8
14:18:14,2005.0,22.238694,114.186311,12.94,176,87,4443.1
14:18:20,2011.0,22.238809,114.18616,12.65,173,62,4463.3
14:18:26,2017.0,22.23884,114.186026,10.37,174,0,4477.6
14:18:29,2020.0,22.238837,114.18597,8.89,171,0,4483.4
14:18:33,2024.0,22.238826,114.1859,7.44,168,0,4490.7
14:18:34,2025.0,22.238817,114.185893,7.07,167,0,4491.8
14:18:38,2029.0,22.238798,114.185844,5.98,164,0,4497.3
14:18:42,2033.0,22.238778,114.185794,5.36,161,0,4502.8
14:18:43,2034.0,22.238775,114.185783,5.16,161,0,4504.1
14:18:45,2036.0,22.238768,114.18576,4.82,158,0,4506.6
14:18:55,2046.0,22.238723,114.185653,4.38,156,0,4518.7
14:19:04,2055.0,22.238671,114.185571,4.08,154,0,4528.9
14:19:12,2063.0,22.238613,114.185516,4.05,153,24,4537.4
14:19:23,2074.0,22.23857,114.185433,3.24,152,0,4547.2
14:19:30,2081.0,22.238523,114.185346,4.5,150,46,4557.5
14:19:36,2087.0,22.238456,114.185228,7.04,148,48,4571.8
14:19:41,2092.0,22.238392,114.185104,9.21,151,51,4586.4
14:19:43,2094.0,22.238367,114.185055,9.8,151,51,4592.1
14:19:51,2102.0,22.238289,114.184837,10.68,153,51,4616.3
14:19:57,2108.0,22.238243,114.184665,10.86,156,51,4634.7
14:19:58,2109.0,22.238233,114.184634,10.9,156,51,4638.1
14:20:04,2115.0,22.238162,114.184473,11.06,156,50,4656.5
14:20:12,2123.0,22.23803,114.184293,10.69,156,51,4680.2
14:20:19,2130.0,22.237884,114.184179,10.49,156,50,4700.2
14:20:25,2136.0,22.237748,114.184097,10.41,153,50,4717.5
14:20:26,2137.0,22.237725,114.184086,10.45,154,50,4720.2
14:20:32,2143.0,22.23758,114.184034,10.31,154,50,4737.2
14:20:38,2149.0,22.237425,114.183993,10.4,154,49,4754.8
14:20:43,2154.0,22.237302,114.183971,10.18,150,49,4768.7
14:20:45,2156.0,22.237251,114.183962,10.33,150,49,4774.4
14:20:49,2160.0,22.237149,114.183943,10.08,147,49,4785.8
14:20:53,2164.0,22.237036,114.183912,10.64,148,49,4798.7
14:21:00,2171.0,22.236851,114.183896,10.88,149,49,4819.4
14:21:02,2173.0,22.236801,114.183904,10.83,152,47,4824.9
14:21:07,2178.0,22.23671,114.183952,9.59,150,47,4836.3
14:21:15,2186.0,22.236629,114.184051,6.76,149,0,4849.9
14:21:17,2188.0,22.236617,114.184074,6.15,146,0,4852.6
14:21:21,2192.0,22.236603,114.184117,5.14,141,0,4857.2
14:21:23,2194.0,22.236594,114.184133,4.65,144,0,4859.1
14:21:26,2197.0,22.236584,114.184156,4.04,146,0,4861.8
14:21:33,2204.0,22.236562,114.184214,3.33,145,0,4868.3
14:21:38,2209.0,22.236545,114.184253,3.3,142,0,4872.7
14:21:43,2214.0,22.236548,114.184311,3.76,141,0,4878.6
14:21:46,2217.0,22.236534,114.184332,3.7,139,0,4881.2
14:21:50,2221.0,22.23652,114.184371,3.93,136,20,4885.5
14:22:00,2231.0,22.236505,114.18447,3.77,139,0,4895.9
14:22:03,2234.0,22.236501,114.184487,3.35,141,0,4897.6
14:22:06,2237.0,22.236489,114.184513,3.31,142,0,4900.6
14:22:09,2240.0,22.236482,114.184545,3.38,146,36,4904.0
14:22:18,2249.0,22.236467,114.184618,3.34,146,0,4911.6
14:22:23,2254.0,22.236465,114.184638,0.0,143,0,4913.8
14:22:25,2256.0,22.236464,114.184649,2.08,146,0,4914.9
14:22:28,2259.0,22.236462,114.184656,0.0,149,0,4915.7
14:22:30,2261.0,22.23646,114.184663,0.0,149,0,4916.5
14:22:35,2266.0,22.23646,114.184681,0.0,146,31,4918.3
14:22:41,2272.0,22.236448,114.1847,0.0,143,0,4920.7
14:22:43,2274.0,22.236447,114.184709,0.0,143,0,4921.6
14:22:53,2284.0,22.236427,114.184766,2.18,144,55,4927.9
14:22:55,2286.0,22.23642,114.184812,3.36,146,61,4932.8
14:22:59,2290.0,22.236399,114.18493,6.67,146,77,4945.1
14:23:02,2293.0,22.236387,114.185031,9.44,142,83,4955.6
14:23:03,2294.0,22.236384,114.185064,10.24,145,84,4959.0
14:23:05,2296.0,22.236375,114.185129,11.36,147,89,4965.8
14:23:07,2298.0,22.236368,114.185199,12.09,152,89,4973.0
14:23:08,2299.0,22.236367,114.185237,12.36,152,90,4977.0
14:23:10,2301.0,22.236366,114.185318,13.07,158,90,4985.4
14:23:11,2302.0,22.236366,114.18536,13.37,161,90,4989.6
14:23:13,2304.0,22.236368,114.185443,13.87,165,92,4998.2
14:23:14,2305.0,22.236371,114.185486,14.13,166,92,5002.6
14:23:17,2308.0,22.236366,114.185606,14.79,168,83,5014.9
14:23:24,2315.0,22.236342,114.185879,14.83,168,66,5043.2
14:23:26,2317.0,22.236334,114.185957,14.63,171,66,5051.2
14:23:31,2322.0,22.236318,114.186145,14.45,171,67,5070.6
14:23:38,2329.0,22.236292,114.186403,13.89,170,70,5097.4
14:23:42,2333.0,22.23628,114.186547,13.69,173,76,5112.2
14:23:45,2336.0,22.236273,114.186656,13.45,176,83,5123.5
14:23:51,2342.0,22.23625,114.186894,14.13,175,92,5148.1
14:23:57,2348.0,22.236217,114.187133,14.9,175,90,5173.0
14:24:05,2356.0,22.236203,114.187384,12.66,175,42,5198.9
14:24:13,2364.0,22.23621,114.187543,8.54,173,0,5215.4
14:24:16,2367.0,22.236225,114.187606,7.77,169,0,5222.1
14:24:23,2374.0,22.236267,114.187713,6.75,165,0,5234.1
14:24:27,2378.0,22.236291,114.187757,5.81,159,0,5239.3
14:24:28,2379.0,22.236298,114.187768,5.62,159,0,5240.7
14:24:33,2384.0,22.236327,114.18781,4.51,160,0,5246.0
14:24:39,2390.0,22.236359,114.187866,4.09,157,0,5252.9
14:24:42,2393.0,22.23638,114.187888,4.0,155,0,5256.1
14:24:50,2401.0,22.236433,114.187933,3.68,155,0,5263.7
14:25:01,2412.0,22.236509,114.187979,3.15,151,0,5273.3
14:25:04,2415.0,22.236528,114.187986,3.06,154,0,5275.6
14:25:05,2416.0,22.236535,114.187989,3.0,154,0,5276.4
14:25:10,2421.0,22.23657,114.187998,2.82,150,25,5280.5
14:25:15,2426.0,22.236608,114.188004,2.97,149,31,5284.7
14:25:25,2436.0,22.236658,114.18801,2.22,146,0,5290.3
14:25:32,2443.0,22.236688,114.188005,0.0,143,0,5293.7
14:25:40,2451.0,22.236722,114.188002,1.68,140,0,5297.5
14:25:51,2462.0,22.236776,114.187975,0.0,139,22,5304.4
14:25:54,2465.0,22.236788,114.187966,0.0,142,23,5305.9
14:26:03,2474.0,22.23683,114.187923,2.45,144,24,5312.5
14:26:08,2479.0,22.236847,114.187904,2.29,146,24,5315.2
14:26:17,2488.0,22.236862,114.187885,0.0,144,0,5317.8
14:26:28,2499.0,22.236875,114.187865,0.0,145,0,5320.7
14:26:43,2514.0,22.236884,114.187854,0.0,144,0,5322.4
14:26:47,2518.0,22.236887,114.187848,0.0,141,0,5323.1
14:26:55,2526.0,22.236892,114.187844,0.0,137,0,5324.1
14:26:56,2527.0,22.236892,114.187843,0.0,136,0,5324.1
14:26:57,2528.0,22.236892,114.187843,0.0,139,0,5324.1
14:26:59,2530.0,22.236892,114.187843,0.0,142,27,5324.1
14:27:07,2538.0,22.236903,114.187827,0.0,143,25,5326.3
14:27:11,2542.0,22.23691,114.187817,0.0,145,21,5327.5
14:27:21,2552.0,22.236924,114.187804,0.0,142,0,5329.6
14:27:23,2554.0,22.236928,114.187801,0.0,141,0,5330.2
14:27:29,2560.0,22.236932,114.187792,0.0,138,0,5331.3
14:27:33,2564.0,22.236938,114.187784,0.0,135,0,5332.2
14:27:38,2569.0,22.236943,114.187769,0.0,133,0,5333.9
14:27:45,2576.0,22.236954,114.187745,0.0,136,0,5336.6
14:27:47,2578.0,22.236957,114.18774,0.0,139,0,5337.3
14:27:52,2583.0,22.236966,114.187723,0.0,139,0,5339.3
14:28:04,2595.0,22.236989,114.18769,0.0,136,0,5343.7
14:28:08,2599.0,22.236995,114.187683,0.0,135,0,5344.6
14:28:09,2600.0,22.236995,114.187683,0.0,134,0,5344.6
14:28:23,2614.0,22.237015,114.187663,0.0,133,0,5347.6
14:28:30,2621.0,22.237016,114.187652,0.0,130,0,5348.8
14:28:40,2631.0,22.237023,114.187638,0.0,132,0,5350.4
14:28:45,2636.0,22.237023,114.187635,0.0,129,0,5350.7
14:28:57,2648.0,22.237026,114.187616,0.0,128,0,5352.8
14:29:07,2658.0,22.237085,114.187558,2.89,129,28,5361.7
14:29:08,2659.0,22.237098,114.187542,3.45,128,33,5363.9
14:29:12,2663.0,22.237178,114.187448,6.97,129,76,5377.0
14:29:18,2669.0,22.237329,114.187286,12.33,133,55,5400.7
14:29:19,2670.0,22.237358,114.187257,13.0,136,75,5405.0
14:29:20,2671.0,22.237387,114.187229,13.63,139,89,5409.4
14:29:22,2673.0,22.237447,114.187173,14.36,143,89,5418.2
14:29:25,2676.0,22.237538,114.187085,15.34,147,77,5431.7
14:29:27,2678.0,22.237598,114.187029,15.62,150,94,5440.5
14:29:30,2681.0,22.237683,114.186948,15.73,153,68,5453.1
14:29:32,2683.0,22.237737,114.186892,15.62,152,60,5461.4
14:29:36,2687.0,22.23784,114.18679,14.93,156,66,5476.9
14:29:41,2692.0,22.237967,114.186665,14.13,154,66,5496.0
14:29:48,2699.0,22.238145,114.186492,13.71,157,70,5522.6
14:29:49,2700.0,22.238169,114.186466,13.68,156,70,5526.3
14:29:52,2703.0,22.238241,114.186391,13.55,159,71,5537.4
14:29:58,2709.0,22.238393,114.186241,13.6,160,76,5560.3
14:30:07,2718.0,22.23863,114.186006,14.23,160,75,5596.0
14:30:16,2727.0,22.238842,114.18576,14.03,161,58,5630.7
14:30:23,2734.0,22.238904,114.185573,11.87,161,33,5651.1
14:30:30,2741.0,22.238862,114.185438,8.69,160,0,5665.9
14:30:33,2744.0,22.238831,114.185401,7.61,156,0,5670.9
14:30:39,2750.0,22.238765,114.185348,6.07,154,0,5679.9
14:30:45,2756.0,22.238701,114.185298,5.39,157,0,5688.7
14:30:48,2759.0,22.238673,114.185277,5.1,160,0,5692.4
14:30:50,2761.0,22.238656,114.185265,4.84,162,0,5694.7
14:30:52,2763.0,22.238638,114.185253,4.7,167,0,5697.1
14:31:02,2773.0,22.238562,114.185204,3.64,163,0,5706.9
14:31:05,2776.0,22.238542,114.185189,3.4,160,43,5709.6
14:31:10,2781.0,22.238499,114.185152,3.54,160,40,5715.6
14:31:17,2788.0,22.238413,114.185085,5.37,161,41,5727.4
14:31:24,2795.0,22.238295,114.185004,7.31,159,45,5743.0
14:31:31,2802.0,22.238153,114.184956,8.36,160,42,5759.5
14:31:38,2809.0,22.237992,114.184947,8.95,159,45,5777.4
14:31:46,2817.0,22.237803,114.184911,9.57,161,46,5798.8
14:31:52,2823.0,22.237681,114.184841,9.42,163,45,5814.2
14:32:02,2833.0,22.237487,114.184679,9.7,162,46,5841.4
14:32:11,2842.0,22.237291,114.184565,9.92,161,46,5866.1
14:32:18,2849.0,22.237137,114.184494,9.75,158,45,5884.7
14:32:20,2851.0,22.23709,114.18448,9.67,160,45,5890.1
14:32:21,2852.0,22.237068,114.184475,9.59,157,38,5892.6
14:32:29,2860.0,22.236916,114.184454,8.26,157,32,5909.6
14:32:37,2868.0,22.236798,114.18446,6.24,159,0,5922.6
14:32:39,2870.0,22.236772,114.184461,5.89,160,0,5925.5
14:32:45,2876.0,22.2367,114.18446,5.09,157,0,5933.4
14:32:49,2880.0,22.236654,114.184457,4.8,154,0,5938.6
14:32:50,2881.0,22.236645,114.184456,4.66,153,0,5939.6
14:32:53,2884.0,22.236615,114.184456,4.39,150,0,5942.9
14:32:58,2889.0,22.236562,114.184454,4.18,147,0,5948.8
14:33:08,2899.0,22.236484,114.184482,3.54,144,0,5958.0
14:33:14,2905.0,22.236445,114.184509,3.1,140,0,5963.4
14:33:18,2909.0,22.236434,114.184528,3.08,141,0,5965.7
14:33:21,2912.0,22.236427,114.184543,2.78,137,0,5967.4
14:33:30,2921.0,22.236413,114.184585,0.0,140,0,5971.9
14:33:33,2924.0,22.236412,114.184593,1.65,145,0,5972.8
14:33:34,2925.0,22.23641,114.184597,0.0,145,0,5973.2
14:33:40,2931.0,22.2364,114.184623,1.62,142,0,5976.1
14:33:49,2940.0,22.236385,114.184663,0.0,139,0,5980.6
14:33:50,2941.0,22.23638,114.184666,0.0,140,17,5981.1
14:33:57,2948.0,22.23637,114.184677,0.0,137,21,5982.7
14:34:04,2955.0,22.236354,114.184688,0.0,137,22,5984.9
14:34:19,2970.0,22.23634,114.184674,0.0,136,0,5988.1
14:34:24,2975.0,22.236347,114.184666,0.0,133,0,5989.1
14:34:29,2980.0,22.236352,114.184644,1.28,136,37,5991.4
14:34:33,2984.0,22.236356,114.184621,1.64,139,38,5993.8
14:34:34,2985.0,22.236357,114.184618,0.0,140,36,5994.2
14:34:37,2988.0,22.23636,114.18461,0.0,139,36,5995.0
14:34:47,2998.0,22.236357,114.184582,1.18,138,25,5998.1
14:34:51,3002.0,22.236348,114.184564,1.27,139,0,6000.2
14:35:01,3012.0,22.23633,114.184527,0.0,140,0,6004.7
14:35:06,3017.0,22.236325,114.184508,0.0,137,0,6006.6
14:35:09,3020.0,22.236325,114.184495,0.0,134,0,6008.0
14:35:13,3024.0,22.236328,114.184488,0.0,131,0,6008.8
14:35:17,3028.0,22.236332,114.184477,0.0,129,0,6009.9
14:35:25,3036.0,22.236364,114.184445,0.0,126,0,6014.6
14:35:30,3041.0,22.236376,114.184425,0.0,126,0,6017.0
14:35:36,3047.0,22.236393,114.184403,0.0,123,0,6019.9
14:35:39,3050.0,22.236398,114.184403,0.0,126,0,6020.5
14:35:41,3052.0,22.236399,114.184403,0.0,129,0,6020.5
14:35:43,3054.0,22.236403,114.184401,0.0,134,0,6021.1
14:35:44,3055.0,22.236404,114.184399,0.0,134,0,6021.3
14:35:46,3057.0,22.236406,114.184396,0.0,137,0,6021.7
14:35:48,3059.0,22.23641,114.184395,0.0,140,0,6022.0
14:36:01,3072.0,22.236413,114.18439,0.0,139,0,6023.0
14:36:11,3082.0,22.236401,114.184398,0.0,142,0,6024.6
14:36:13,3084.0,22.236396,114.18442,1.22,142,0,6026.9
14:36:16,3087.0,22.236389,114.184488,3.34,139,54,6034.0
14:36:17,3088.0,22.236387,114.184518,4.25,140,58,6037.1
14:36:23,3094.0,22.236361,114.184733,10.48,143,87,6059.5
14:36:24,3095.0,22.236353,114.184774,11.49,143,87,6063.8
14:36:26,3097.0,22.236337,114.184856,12.98,146,89,6072.4
14:36:28,3099.0,22.236329,114.184943,14.23,149,92,6081.5
14:36:30,3101.0,22.236324,114.185021,14.74,153,92,6089.5
14:36:33,3104.0,22.236317,114.185142,15.22,157,92,6102.0
14:36:36,3107.0,22.2363,114.185263,15.25,158,90,6114.6
14:36:43,3114.0,22.236256,114.185541,15.0,160,67,6143.7
14:36:50,3121.0,22.236231,114.185808,14.55,159,66,6171.3
14:36:58,3129.0,22.236199,114.186105,13.99,162,67,6202.2
14:37:05,3136.0,22.236188,114.186367,13.88,164,69,6229.3
14:37:15,3146.0,22.23615,114.18675,14.31,165,87,6269.0
14:37:25,3156.0,22.23614,114.187135,14.31,165,90,6308.6
14:37:28,3159.0,22.236145,114.187236,13.81,158,62,6319.1
14:37:33,3164.0,22.236155,114.187373,12.01,157,62,6333.2
14:37:37,3168.0,22.236157,114.187463,10.17,154,0,6342.5
14:37:43,3174.0,22.236165,114.187586,8.15,151,0,6355.2
14:37:44,3175.0,22.236168,114.187605,7.93,151,0,6357.2
14:37:56,3187.0,22.2362,114.187802,6.19,155,0,6377.8
14:37:57,3188.0,22.236205,114.187815,6.07,155,0,6379.3
14:38:01,3192.0,22.236221,114.187866,5.58,158,0,6384.8
14:38:02,3193.0,22.236225,114.187876,5.43,162,0,6386.0
14:38:04,3195.0,22.236234,114.187896,5.09,165,0,6388.3
14:38:06,3197.0,22.236244,114.187916,4.78,165,0,6390.6
14:38:15,3206.0,22.236282,114.187985,3.53,162,0,6398.8
14:38:21,3212.0,22.236301,114.188007,2.55,159,0,6401.9
14:38:24,3215.0,22.236313,114.188017,2.26,156,0,6403.6
14:38:27,3218.0,22.236321,114.188024,0.0,153,0,6404.8
14:38:30,3221.0,22.236325,114.188029,0.0,153,0,6405.4
14:38:42,3233.0,22.236359,114.188057,0.0,150,0,6410.2
14:38:46,3237.0,22.236371,114.188064,0.0,149,0,6411.7
14:38:50,3241.0,22.236384,114.188072,0.0,146,0,6413.4
14:38:56,3247.0,22.236398,114.188079,0.0,143,0,6415.1
14:39:00,3251.0,22.236404,114.188079,0.0,142,0,6415.8
14:39:01,3252.0,22.236407,114.188079,0.0,142,0,6416.1
14:39:12,3263.0,22.236435,114.188088,0.0,139,0,6419.5
14:39:14,3265.0,22.236441,114.188087,0.0,137,0,6420.2
14:39:26,3277.0,22.236457,114.188079,0.0,132,0,6422.5
14:39:27,3278.0,22.236464,114.188077,0.99,135,17,6423.3
14:39:28,3279.0,22.236463,114.188077,0.0,135,17,6423.3
14:39:30,3281.0,22.23647,114.188078,0.0,138,18,6424.1
14:39:36,3287.0,22.236489,114.188071,0.0,135,20,6426.4
14:39:45,3296.0,22.23653,114.188054,1.99,138,24,6431.5
14:39:53,3304.0,22.236554,114.18799,2.86,141,34,6438.6
14:39:56,3307.0,22.236558,114.187966,3.23,142,35,6441.2
14:40:01,3312.0,22.236563,114.187911,3.63,142,40,6446.8
14:40:06,3317.0,22.236556,114.187847,4.17,140,42,6453.5
14:40:08,3319.0,22.236554,114.187812,4.81,143,42,6457.2
14:40:11,3322.0,22.236546,114.187759,5.62,145,43,6462.6
14:40:14,3325.0,22.236531,114.187704,6.23,142,44,6468.6
14:40:16,3327.0,22.23652,114.187669,6.52,144,43,6472.4
14:40:21,3332.0,22.236481,114.187583,7.13,146,44,6482.2
14:40:26,3337.0,22.236417,114.187505,7.33,146,44,6492.9
14:40:28,3339.0,22.236388,114.187477,7.51,151,45,6497.3
14:40:30,3341.0,22.236353,114.187445,7.8,154,45,6502.4
14:40:31,3342.0,22.236335,114.187429,7.97,156,45,6505.0
14:40:36,3347.0,22.236255,114.187359,8.35,158,46,6516.3
14:40:39,3350.0,22.236203,114.187312,8.58,161,45,6523.8
14:40:41,3352.0,22.236174,114.18729,8.46,161,44,6527.8
14:40:49,3360.0,22.236057,114.187184,7.86,159,40,6544.7
14:40:56,3367.0,22.235983,114.187118,6.21,158,0,6555.4
14:40:58,3369.0,22.235973,114.187104,5.02,158,0,6557.3
14:41:02,3373.0,22.235949,114.187096,3.83,157,0,6560.2
14:41:06,3377.0,22.23594,114.18709,0.0,154,0,6561.9
14:41:09,3380.0,22.235922,114.187091,2.17,151,0,6563.0
14:41:13,3384.0,22.235909,114.18709,0.0,149,0,6564.4
14:41:19,3390.0,22.235901,114.187089,0.0,146,0,6565.3
14:41:22,3393.0,22.235898,114.187103,0.0,143,0,6566.5
14:41:27,3398.0,22.235901,114.187119,0.0,146,0,6568.3
14:41:29,3400.0,22.235901,114.187123,0.0,149,0,6568.6
14:41:30,3401.0,22.235904,114.187126,0.0,150,0,6569.0
14:41:33,3404.0,22.235925,114.187137,1.7,153,0,6571.4
14:41:34,3405.0,22.235925,114.187137,1.7,150,0,6571.4
14:41:39,3410.0,22.23595,114.187146,1.97,150,33,6574.2
14:41:44,3415.0,22.235984,114.187149,2.15,147,32,6577.9
14:41:46,3417.0,22.235996,114.187156,2.29,142,32,6579.4
14:41:48,3419.0,22.236005,114.187158,2.29,139,32,6580.5
14:41:49,3420.0,22.236011,114.187161,2.42,140,32,6581.3
14:42:00,3431.0,22.236078,114.187192,2.7,141,23,6589.4
14:42:07,3438.0,22.236098,114.187224,0.0,138,22,6593.4
14:42:11,3442.0,22.236105,114.187244,2.06,141,16,6595.6
14:42:12,3443.0,22.236105,114.187244,2.06,139,0,6595.6
14:42:23,3454.0,22.236117,114.18728,0.0,136,0,6600.6
14:42:24,3455.0,22.236117,114.18728,0.0,135,40,6600.6
14:42:30,3461.0,22.236134,114.187205,2.89,134,43,6608.5
14:42:32,3463.0,22.236148,114.187176,3.72,139,44,6611.9
14:42:36,3467.0,22.236177,114.187105,5.81,140,45,6619.8
14:42:42,3473.0,22.236224,114.186992,7.26,139,47,6632.7
14:42:46,3477.0,22.236251,114.186911,7.68,142,48,6641.4
14:42:48,3479.0,22.23627,114.186839,8.11,141,48,6649.2
14:42:51,3482.0,22.236291,114.186762,8.82,144,48,6657.4
14:42:55,3486.0,22.236311,114.186694,9.06,144,48,6664.8
14:43:02,3493.0,22.23637,114.186526,9.53,144,49,6683.3
14:43:07,3498.0,22.236406,114.186405,9.49,147,48,6696.3
14:43:09,3500.0,22.236426,114.186352,9.54,148,49,6702.1
14:43:12,3503.0,22.236462,114.186282,9.78,151,49,6710.4
14:43:15,3506.0,22.236498,114.186222,9.57,152,48,6717.7
14:43:21,3512.0,22.236587,114.186109,9.27,152,49,6732.9
14:43:27,3518.0,22.236698,114.186011,9.4,151,49,6748.9
14:43:33,3524.0,22.236803,114.185905,9.59,152,48,6764.7
14:43:36,3527.0,22.23686,114.185858,9.39,149,49,6772.6
14:43:40,3531.0,22.236939,114.185791,9.63,150,48,6783.6
14:43:44,3535.0,22.237016,114.185721,9.92,153,48,6794.8
14:43:46,3537.0,22.237057,114.185689,9.9,155,48,6800.4
14:43:52,3543.0,22.23719,114.185598,10.28,157,48,6817.8
14:43:58,3549.0,22.237326,114.185527,10.27,157,48,6834.6
14:44:04,3555.0,22.237472,114.185478,10.12,156,48,6851.4
14:44:11,3562.0,22.237649,114.18546,10.1,155,48,6870.7
14:44:18,3569.0,22.23782,114.18542,10.07,154,48,6890.1
14:44:24,3575.0,22.237969,114.185389,10.07,154,48,6906.9
14:44:30,3581.0,22.238117,114.185379,10.02,152,49,6923.3
14:44:36,3587.0,22.238267,114.185373,9.94,154,50,6939.9
14:44:38,3589.0,22.238317,114.18537,9.93,151,49,6945.4
14:44:42,3593.0,22.238423,114.185369,10.17,147,48,6957.1
14:44:45,3596.0,22.238494,114.185375,10.17,143,48,6965.0
14:44:47,3598.0,22.238548,114.185375,10.28,143,49,6971.0
14:44:53,3604.0,22.238704,114.185364,10.31,142,48,6988.3
14:44:58,3609.0,22.238833,114.185357,10.41,143,49,7002.6
14:44:59,3610.0,22.238855,114.185354,10.25,140,49,7005.2
14:45:00,3611.0,22.238878,114.185354,10.12,144,60,7007.7
14:45:04,3615.0,22.238974,114.185348,9.91,148,45,7018.4
14:45:06,3617.0,22.239016,114.185336,9.67,153,45,7023.1
14:45:10,3621.0,22.239077,114.185297,8.53,156,0,7031.1
14:45:11,3622.0,22.239087,114.185287,8.22,157,0,7032.6
14:45:12,3623.0,22.239094,114.185276,7.87,154,0,7033.9
14:45:15,3626.0,22.239106,114.185245,6.46,150,0,7037.4
14:45:19,3630.0,22.239118,114.185208,4.85,151,0,7041.4
14:45:22,3633.0,22.239121,114.185169,4.34,154,0,7045.5
14:45:26,3637.0,22.239119,114.18514,3.68,156,0,7048.4
14:45:36,3647.0,22.239073,114.185087,2.76,153,0,7056.3
14:45:38,3649.0,22.239059,114.185084,2.83,150,25,7057.8
14:45:39,3650.0,22.239055,114.185082,2.81,146,25,7058.4
14:45:42,3653.0,22.239037,114.185083,2.58,143,28,7060.4
14:45:46,3657.0,22.239012,114.185069,2.57,144,37,7063.6
14:45:49,3660.0,22.23897,114.185051,3.49,145,41,7068.5
14:45:52,3663.0,22.238924,114.18503,4.61,144,45,7074.1
14:45:58,3669.0,22.238822,114.184972,6.97,147,47,7086.8
14:46:03,3674.0,22.238731,114.18492,7.9,148,46,7098.2
14:46:10,3681.0,22.2386,114.184839,8.47,151,47,7115.0
14:46:16,3687.0,22.23848,114.184756,9.13,151,48,7130.8
14:46:21,3692.0,22.238393,114.18467,9.36,151,47,7143.9
14:46:26,3697.0,22.238308,114.184583,9.41,152,48,7156.9
14:46:32,3703.0,22.238192,114.184481,9.78,154,48,7173.5
14:46:35,3706.0,22.238135,114.184434,9.8,157,48,7181.5
14:46:38,3709.0,22.238077,114.184386,9.8,157,48,7189.6
14:46:44,3715.0,22.237959,114.18429,9.75,155,47,7206.0
14:46:50,3721.0,22.237828,114.184211,9.91,153,47,7222.6
14:46:54,3725.0,22.237739,114.184161,9.86,156,48,7233.8
14:46:56,3727.0,22.23769,114.184131,10.22,155,48,7240.0
14:47:02,3733.0,22.237564,114.18405,10.1,155,48,7256.2
14:47:07,3738.0,22.237457,114.183975,10.02,160,48,7270.4
14:47:08,3739.0,22.237437,114.183963,9.9,159,48,7273.0
14:47:13,3744.0,22.237326,114.183895,10.04,157,48,7287.1
14:47:19,3750.0,22.237182,114.183809,10.49,158,48,7305.3
14:47:25,3756.0,22.237034,114.183741,10.81,159,48,7323.2
14:47:26,3757.0,22.237013,114.183734,10.57,155,48,7325.6
14:47:31,3762.0,22.236902,114.183704,9.9,154,45,7338.3
14:47:36,3767.0,22.236801,114.183674,8.88,151,39,7349.9
14:47:37,3768.0,22.236783,114.183672,8.64,154,39,7351.9
14:47:38,3769.0,22.236766,114.183671,8.47,153,24,7353.8
14:47:42,3773.0,22.236708,114.183678,7.35,156,0,7360.3
14:47:45,3776.0,22.236675,114.18369,6.27,152,0,7364.1
14:47:46,3777.0,22.236665,114.183695,5.94,154,0,7365.3
14:47:50,3781.0,22.236627,114.183724,5.02,150,0,7370.5
14:47:55,3786.0,22.236584,114.183763,4.5,148,0,7376.7
14:47:58,3789.0,22.236561,114.183791,4.59,145,0,7380.6
14:48:04,3795.0,22.236531,114.183855,4.14,145,0,7387.9
14:48:09,3800.0,22.23651,114.18389,3.56,142,0,7392.3
14:48:13,3804.0,22.236499,114.18392,3.28,142,19,7395.6
14:48:18,3809.0,22.236485,114.183957,3.03,139,19,7399.6
14:48:23,3814.0,22.236467,114.183984,2.73,136,0,7403.1
14:48:27,3818.0,22.236455,114.184006,2.58,141,0,7405.8
14:48:29,3820.0,22.236449,114.184019,2.5,145,0,7407.2
14:48:42,3833.0,22.236428,114.184068,0.0,143,0,7412.8
14:48:46,3837.0,22.236422,114.184077,0.0,140,0,7413.9
14:48:51,3842.0,22.236416,114.184088,0.0,137,0,7415.2
14:48:58,3849.0,22.236409,114.184101,0.0,139,0,7416.9
14:49:06,3857.0,22.236412,114.184108,0.0,136,0,7417.4
14:49:11,3862.0,22.236408,114.184114,0.0,133,0,7418.1
14:49:14,3865.0,22.236409,114.184123,0.0,136,0,7419.1
14:49:18,3869.0,22.236413,114.184132,0.0,133,0,7420.2
14:49:25,3876.0,22.236412,114.184154,0.0,131,24,7422.6
14:49:35,3886.0,22.236402,114.184183,0.0,128,0,7425.7
14:49:39,3890.0,22.236398,114.184193,1.21,133,0,7426.8
14:49:40,3891.0,22.236394,114.184201,0.0,136,0,7427.7
14:49:42,3893.0,22.23639,114.184208,1.32,140,0,7428.6
14:49:44,3895.0,22.236387,114.184213,0.0,144,0,7429.2
14:49:48,3899.0,22.236379,114.184244,2.07,147,63,7432.6
14:49:50,3901.0,22.236369,114.184289,3.3,149,66,7437.4
14:49:51,3902.0,22.236361,114.184317,4.06,149,72,7440.4
14:49:54,3905.0,22.236338,114.184404,6.48,145,86,7449.6
14:49:57,3908.0,22.236302,114.18453,10.0,149,89,7463.3
14:50:01,3912.0,22.236282,114.184636,11.88,152,92,7474.4
14:50:03,3914.0,22.236266,114.184714,12.68,155,96,7482.6
14:50:05,3916.0,22.236251,114.18479,13.21,157,96,7490.6
14:50:11,3922.0,22.23621,114.185026,14.56,155,87,7515.4
14:50:13,3924.0,22.236203,114.185145,14.75,152,72,7527.6
14:50:15,3926.0,22.236203,114.185187,14.82,148,70,7531.9
14:50:16,3927.0,22.236202,114.185226,14.8,145,69,7536.0
14:50:17,3928.0,22.236202,114.185263,14.79,141,69,7539.8
14:50:18,3929.0,22.236201,114.185302,14.78,137,68,7543.8
14:50:19,3930.0,22.2362,114.185341,14.74,137,67,7547.8
14:50:24,3935.0,22.236173,114.185524,14.27,136,71,7566.9
14:50:27,3938.0,22.236151,114.185667,13.77,139,73,7581.8
14:50:30,3941.0,22.236138,114.185737,13.66,142,77,7589.3
14:50:33,3944.0,22.236117,114.185888,13.62,145,89,7604.9
14:50:36,3947.0,22.2361,114.186003,13.99,144,92,7616.9
14:50:37,3948.0,22.2361,114.186003,13.99,141,94,7620.8
14:50:42,3953.0,22.236079,114.186228,14.18,144,79,7640.2
14:50:43,3954.0,22.236076,114.186262,14.05,144,79,7643.7
14:50:46,3957.0,22.236066,114.186359,13.51,148,79,7653.8
14:50:48,3959.0,22.236064,114.186419,12.93,143,0,7660.0
14:50:52,3963.0,22.236059,114.186529,11.65,143,0,7671.4
14:50:54,3965.0,22.236059,114.186577,10.84,139,0,7676.3
14:50:57,3968.0,22.236059,114.186642,9.75,134,0,7683.0
14:51:01,3972.0,22.236065,114.186718,8.42,135,0,7690.8
14:51:10,3981.0,22.236051,114.186877,6.71,135,0,7707.3
14:51:19,3990.0,22.236021,114.187009,5.95,132,0,7721.4
14:51:20,3991.0,22.236022,114.187023,5.81,133,0,7722.7
14:51:26,3997.0,22.236021,114.187097,5.01,136,0,7730.3
14:51:28,3999.0,22.236028,114.187122,4.86,141,0,7732.9
14:51:29,4000.0,22.236033,114.187137,4.92,145,0,7734.5
14:51:35,4006.0,22.236047,114.187211,4.85,143,0,7742.3
14:51:45,4016.0,22.236057,114.187283,3.42,140,0,7749.8
14:51:48,4019.0,22.236059,114.187299,2.75,138,0,7751.4
14:51:50,4021.0,22.236063,114.187312,0.0,135,51,7752.8
14:51:57,4028.0,22.236067,114.187346,1.84,138,37,7756.4
14:51:59,4030.0,22.236067,114.187353,1.95,140,37,7757.1
14:52:09,4040.0,22.236081,114.187412,2.15,143,0,7763.5
14:52:13,4044.0,22.236084,114.18743,2.18,146,0,7765.4
14:52:16,4047.0,22.23609,114.187442,0.0,148,0,7766.7
14:52:25,4056.0,22.236112,114.187502,2.46,151,0,7773.2
14:52:28,4059.0,22.236115,114.187517,2.51,148,0,7776.4
14:52:30,4061.0,22.236114,114.187552,2.98,143,0,7778.4
14:52:32,4063.0,22.236115,114.187559,2.82,140,0,7779.2
14:52:37,4068.0,22.236119,114.187588,2.73,136,0,7782.2
14:52:40,4071.0,22.236117,114.187604,2.75,139,0,7783.9
14:52:44,4075.0,22.236112,114.18762,0.0,140,0,7785.5
14:52:48,4079.0,22.236118,114.187628,0.0,136,0,7786.6
14:52:57,4088.0,22.236124,114.187666,0.0,136,0,7790.6
14:53:02,4093.0,22.23612,114.187703,2.08,141,0,7794.4
14:53:04,4095.0,22.23612,114.187716,0.0,144,0,7795.7
14:53:08,4099.0,22.236123,114.187723,0.0,142,0,7796.5
14:53:10,4101.0,22.236125,114.187732,0.0,139,0,7797.5
14:53:15,4106.0,22.236126,114.187754,1.49,136,0,7799.7
14:53:25,4116.0,22.236127,114.187792,0.0,138,0,7803.9
14:53:31,4122.0,22.236126,114.187804,0.0,135,0,7805.4
14:53:33,4124.0,22.23613,114.187812,0.0,134,0,7806.3
14:53:34,4125.0,22.236133,114.187817,1.46,131,25,7806.9
14:53:45,4136.0,22.236153,114.187861,0.0,133,19,7812.0
14:53:54,4145.0,22.236169,114.187904,1.81,136,0,7816.7
14:53:58,4149.0,22.236176,114.187924,0.0,137,27,7819.0
14:54:12,4163.0,22.236201,114.187981,0.0,137,0,7825.5
14:54:18,4169.0,22.236205,114.188005,1.64,140,0,7828.1
14:54:22,4173.0,22.23621,114.188019,0.0,143,0,7830.0
14:54:27,4178.0,22.236217,114.188039,0.0,144,0,7831.8
14:54:29,4180.0,22.236217,114.188045,0.0,140,0,7832.4
14:54:31,4182.0,22.236221,114.188054,0.0,136,17,7833.4
14:54:36,4187.0,22.236233,114.188077,1.76,137,17,7836.1
14:54:41,4192.0,22.236242,114.188101,1.93,136,0,7838.8
14:54:54,4205.0,22.236281,114.188151,1.89,134,23,7845.6
14:55:00,4211.0,22.236294,114.188176,0.0,137,23,7848.7
14:55:03,4214.0,22.236305,114.188187,1.9,137,19,7850.3
14:55:08,4219.0,22.236329,114.188199,2.01,140,0,7853.1
14:55:10,4221.0,22.236337,114.188204,1.94,137,0,7854.2
14:55:13,4224.0,22.236351,114.18821,2.04,133,0,7855.8
14:55:16,4227.0,22.236365,114.188217,2.02,130,0,7857.6
14:55:18,4229.0,22.236372,114.188221,0.0,134,0,7858.4
14:55:28,4239.0,22.236384,114.188235,0.0,137,0,7860.8
14:55:31,4242.0,22.236389,114.188239,0.0,135,0,7861.2
14:55:34,4245.0,22.23639,114.188245,0.0,131,0,7861.8
14:55:50,4261.0,22.236433,114.188279,0.0,130,37,7867.9
14:55:58,4269.0,22.236451,114.188292,0.0,127,31,7870.3
14:56:01,4272.0,22.236452,114.188296,0.0,127,0,7870.8
14:56:06,4277.0,22.236462,114.188305,0.0,130,0,7872.2
14:56:16,4287.0,22.236471,114.188317,0.0,130,0,7873.8
14:56:19,4290.0,22.236473,114.18832,0.0,130,0,7874.2
14:56:27,4298.0,22.236486,114.188327,0.0,127,0,7875.9
14:56:31,4302.0,22.236489,114.188329,0.0,124,0,7876.2
14:56:33,4304.0,22.236493,114.18833,0.0,124,0,7876.8
14:56:38,4309.0,22.236512,114.18832,1.08,127,34,7879.1
14:56:44,4315.0,22.236561,114.1883,2.54,128,40,7884.9
14:56:47,4318.0,22.236591,114.188279,3.49,128,41,7888.9
14:56:52,4323.0,22.236642,114.18823,4.81,129,41,7896.5
14:56:54,4325.0,22.236669,114.188206,5.04,126,41,7900.3
14:56:58,4329.0,22.236695,114.188189,4.87,129,0,7903.8
14:57:00,4331.0,22.236712,114.188179,4.57,132,0,7905.9
14:57:02,4333.0,22.236727,114.188169,4.2,130,0,7907.8
14:57:08,4339.0,22.236761,114.188145,3.26,134,0,7912.2
14:57:14,4345.0,22.236785,114.188128,0.0,137,0,7915.4
14:57:15,4346.0,22.236788,114.188127,0.0,137,0,7915.9
14:57:30,4361.0,22.236846,114.188078,2.08,139,25,7923.9
14:57:33,4364.0,22.236891,114.188039,3.39,136,40,7930.4
14:57:35,4366.0,22.236933,114.188004,4.98,136,59,7936.2
14:57:41,4372.0,22.237089,114.187867,10.8,137,75,7958.6
14:57:44,4375.0,22.237175,114.187789,12.92,140,59,7971.1
14:57:46,4377.0,22.237237,114.187738,13.96,143,70,7979.6
14:57:48,4379.0,22.237297,114.187685,14.64,145,98,7988.3
14:57:51,4382.0,22.237382,114.1876,15.19,148,100,8001.1
14:57:53,4384.0,22.23744,114.187543,15.36,151,90,8009.8
14:57:55,4386.0,22.237497,114.187488,15.42,151,79,8018.4
14:58:00,4391.0,22.23764,114.187358,15.22,154,69,8039.0
14:58:02,4393.0,22.237698,114.187307,15.19,151,68,8047.4
14:58:05,4396.0,22.237781,114.187226,15.02,151,68,8059.9
14:58:10,4401.0,22.237914,114.187088,14.85,154,72,8080.2
14:58:14,4405.0,22.238021,114.186989,14.56,154,77,8095.9
14:58:21,4412.0,22.238217,114.186824,14.21,157,90,8123.5
14:58:22,4413.0,22.238246,114.1868,14.21,157,92,8127.6
14:58:25,4416.0,22.238331,114.186726,14.24,154,98,8139.6
14:58:29,4420.0,22.238433,114.186634,13.98,150,72,8154.4
14:58:36,4427.0,22.238568,114.18651,11.55,153,0,8174.0
14:58:40,4431.0,22.238647,114.186441,9.29,149,0,8185.3
14:58:44,4435.0,22.238685,114.186406,8.17,148,0,8190.9
14:58:49,4440.0,22.238746,114.18636,6.82,144,0,8199.1
14:58:54,4445.0,22.238804,114.186321,5.82,143,0,8206.7
14:58:57,4448.0,22.238841,114.186291,5.32,140,0,8211.8
14:59:02,4453.0,22.238874,114.186264,4.71,144,0,8216.4
14:59:04,4455.0,22.238897,114.186241,4.4,144,0,8219.9
14:59:12,4463.0,22.238945,114.186186,4.11,147,0,8227.6
14:59:14,4465.0,22.238957,114.186173,3.96,150,0,8229.6
14:59:15,4466.0,22.238963,114.186168,3.86,150,0,8230.4
14:59:17,4468.0,22.238973,114.186157,3.64,153,0,8232.0
14:59:21,4472.0,22.238989,114.186137,3.13,150,0,8234.7
14:59:27,4478.0,22.238999,114.186102,2.44,149,0,8238.5
14:59:37,4488.0,22.239,114.186048,2.08,146,0,8244.1
14:59:42,4493.0,22.238994,114.186024,1.89,144,0,8246.8
14:59:48,4499.0,22.238986,114.185995,1.88,141,36,8249.9
14:59:51,4502.0,22.238977,114.185965,2.39,141,38,8253.1
14:59:54,4505.0,22.238961,114.185927,3.22,141,38,8257.5
14:59:58,4509.0,22.238924,114.185864,5.04,141,45,8265.1
15:00:05,4516.0,22.23883,114.185747,7.59,145,47,8281.0
15:00:06,4517.0,22.238816,114.185729,7.82,144,44,8283.5
15:00:11,4522.0,22.238739,114.185627,8.93,144,48,8297.0
15:00:18,4529.0,22.238605,114.185491,10.2,145,48,8317.4
15:00:25,4536.0,22.238441,114.185409,10.48,145,48,8337.6
15:00:27,4538.0,22.238392,114.185395,10.37,148,48,8343.1
15:00:29,4540.0,22.238344,114.18539,10.22,151,48,8348.5
15:00:32,4543.0,22.238272,114.185393,10.03,155,48,8356.5
15:00:33,4544.0,22.238248,114.185394,9.96,155,48,8359.1
15:00:36,4547.0,22.238178,114.185397,9.68,158,48,8366.9
15:00:41,4552.0,22.238055,114.185399,9.6,160,48,8380.5
15:00:49,4560.0,22.237841,114.185405,10.42,162,48,8404.2
15:00:56,4567.0,22.237656,114.185426,10.68,162,48,8424.7
15:01:02,4573.0,22.237504,114.185444,10.39,159,51,8441.7
15:01:04,4575.0,22.23745,114.185451,10.48,160,47,8447.7
15:01:12,4583.0,22.237239,114.185476,10.52,163,48,8471.2
15:01:13,4584.0,22.237213,114.185478,10.58,164,48,8474.1
15:01:22,4593.0,22.236967,114.185487,10.84,165,50,8501.3
15:01:30,4601.0,22.23675,114.185528,11.06,164,49,8525.9
15:01:38,4609.0,22.236566,114.185653,10.91,165,49,8550.0
15:01:45,4616.0,22.236428,114.185789,10.81,167,48,8570.9
15:01:51,4622.0,22.236315,114.18592,10.9,169,48,8589.3
15:01:57,4628.0,22.236248,114.186075,10.84,168,48,8607.0
15:02:05,4636.0,22.236205,114.186314,11.06,165,51,8632.2
15:02:12,4643.0,22.236194,114.186531,11.49,165,48,8654.6
15:02:16,4647.0,22.236194,114.186638,10.98,168,35,8665.5
15:02:21,4652.0,22.236189,114.186748,9.57,168,22,8677.0
15:02:30,4661.0,22.236161,114.186916,7.24,165,0,8694.5
15:02:37,4668.0,22.236136,114.187022,6.25,164,0,8705.8
15:02:46,4677.0,22.23613,114.18715,5.51,161,0,8719.1
15:02:56,4687.0,22.236136,114.187263,4.4,161,0,8730.8
15:03:02,4693.0,22.236141,114.187319,3.73,158,0,8736.6
15:03:06,4697.0,22.236148,114.187355,3.44,153,0,8740.4
15:03:07,4698.0,22.23615,114.187364,3.45,151,0,8741.3
15:03:09,4700.0,22.236154,114.187381,3.41,148,0,8743.1
15:03:17,4708.0,22.236182,114.187447,3.3,145,0,8750.5
15:03:18,4709.0,22.236183,114.187454,3.29,144,0,8751.3
15:03:30,4721.0,22.236163,114.18751,0.0,147,0,8757.5
15:03:31,4722.0,22.236162,114.187513,0.0,146,0,8757.8
15:03:43,4734.0,22.23613,114.187523,0.0,142,0,8761.5
15:03:45,4736.0,22.236126,114.187522,0.0,139,0,8762.0
15:03:58,4749.0,22.236081,114.187506,1.59,137,41,8767.4
15:04:01,4752.0,22.236062,114.187494,2.26,140,38,8769.9
15:04:03,4754.0,22.236051,114.187489,2.52,143,38,8771.2
15:04:05,4756.0,22.236039,114.187483,2.64,137,38,8772.6
15:04:07,4758.0,22.236025,114.187478,2.71,134,38,8774.3
15:04:10,4761.0,22.236007,114.187471,2.7,132,0,8776.4
15:04:16,4767.0,22.235978,114.187463,2.34,135,0,8779.6
15:04:23,4774.0,22.235954,114.187461,0.0,138,0,8782.4
15:04:25,4776.0,22.235953,114.18746,0.0,139,0,8782.6
15:04:36,4787.0,22.235953,114.187466,0.0,142,0,8784.1
15:04:39,4790.0,22.235954,114.187467,0.0,138,0,8784.3
15:04:40,4791.0,22.235953,114.187467,0.0,135,0,8784.3
15:04:42,4793.0,22.235953,114.187467,0.0,131,0,8784.4
15:04:44,4795.0,22.235955,114.187468,0.0,128,0,8784.5
15:04:46,4797.0,22.235955,114.18747,0.0,125,0,8784.7
15:04:56,4807.0,22.235955,114.18747,0.0,128,0,8784.9
15:04:58,4809.0,22.235954,114.18747,0.0,128,0,8785.0
15:05:03,4814.0,22.235954,114.18747,0.0,125,0,8785.1
15:05:12,4823.0,22.235953,114.187472,0.0,122,0,8785.5
15:05:19,4830.0,22.235952,114.187473,0.0,122,0,8785.6
15:05:24,4835.0,22.235955,114.187475,0.0,122,0,8786.0
15:05:35,4846.0,22.235968,114.187481,0.0,121,0,8787.8
15:05:48,4859.0,22.236011,114.187496,1.45,124,40,8792.9
15:05:54,4865.0,22.236032,114.187499,0.0,128,0,8795.2
15:06:00,4871.0,22.236042,114.18751,0.0,130,0,8796.9
15:06:10,4881.0,22.236042,114.187596,2.82,133,42,8805.7
15:06:12,4883.0,22.236046,114.18762,3.42,136,44,8808.3
15:06:19,4890.0,22.236065,114.187714,4.92,138,42,8818.2
15:06:27,4898.0,22.2361,114.18782,5.3,137,38,8829.8
15:06:33,4904.0,22.236136,114.187893,5.09,137,40,8838.3
15:06:35,4906.0,22.23615,114.18792,5.16,140,41,8841.4
15:06:39,4910.0,22.236176,114.187975,5.42,142,42,8847.8
15:06:45,4916.0,22.236221,114.188054,5.73,141,42,8857.4
15:06:51,4922.0,22.23627,114.188133,5.82,140,43,8867.2
15:06:56,4927.0,22.236313,114.188198,5.88,144,44,8875.4
15:06:57,4928.0,22.236322,114.188208,5.82,145,45,8876.8
15:07:03,4934.0,22.236391,114.188281,6.11,139,44,8887.5
15:07:08,4939.0,22.236452,114.188316,5.97,138,44,8895.2
15:07:12,4943.0,22.236509,114.188339,5.38,135,44,8902.0
15:07:16,4947.0,22.236542,114.188348,5.04,134,0,8905.7
15:07:22,4953.0,22.236597,114.188346,4.07,137,0,8911.9
15:07:27,4958.0,22.236613,114.188332,0.0,138,0,8914.3
15:07:30,4961.0,22.23662,114.188323,0.0,135,0,8915.3
15:07:33,4964.0,22.236625,114.188317,0.0,132,0,8916.1
15:07:36,4967.0,22.236635,114.18831,0.0,129,0,8917.5
15:07:43,4974.0,22.236652,114.188299,0.0,126,0,8919.7
15:07:46,4977.0,22.236656,114.188294,0.0,126,0,8920.3
15:08:02,4993.0,22.236686,114.188278,0.0,125,0,8924.0
15:08:05,4996.0,22.236687,114.188277,0.0,128,0,8924.2
15:08:07,4998.0,22.236689,114.18828,0.0,131,0,8924.5
15:08:14,5005.0,22.236698,114.188281,0.0,128,0,8925.5
15:08:15,5006.0,22.236699,114.188282,0.0,128,0,8925.6
15:08:22,5013.0,22.236706,114.188281,0.0,125,0,8926.5
15:08:29,5020.0,22.236717,114.188278,0.0,122,0,8927.8
15:08:30,5021.0,22.236719,114.188276,0.0,122,0,8928.1
15:08:32,5023.0,22.236723,114.188274,0.0,125,0,8928.5
15:08:35,5026.0,22.236732,114.188265,1.04,128,0,8930.0
15:08:41,5032.0,22.236756,114.188242,1.81,125,0,8933.5
15:08:44,5035.0,22.236767,114.188233,1.95,128,0,8935.0
15:08:45,5036.0,22.236771,114.188231,0.0,128,0,8935.5
15:08:52,5043.0,22.236791,114.188218,1.71,131,0,8938.6
15:08:53,5044.0,22.236799,114.188207,1.93,131,29,8939.9
15:08:56,5047.0,22.236841,114.188157,3.56,130,57,8946.9
15:08:58,5049.0,22.236879,114.188114,5.16,129,83,8953.0
15:09:05,5056.0,22.237033,114.187927,11.67,131,94,8978.8
15:09:08,5059.0,22.237099,114.18783,13.29,134,98,8991.2
15:09:10,5061.0,22.237144,114.18777,13.84,137,96,8999.2
15:09:11,5062.0,22.237168,114.187739,14.04,138,96,9003.2
15:09:12,5063.0,22.237191,114.187708,14.24,140,120,9007.4
15:09:18,5069.0,22.237331,114.187522,14.72,143,77,9032.0
15:09:20,5071.0,22.237376,114.187458,14.75,142,73,9040.3
15:09:29,5080.0,22.237584,114.187174,14.89,141,72,9077.5
15:09:34,5085.0,22.23773,114.187,14.6,141,72,9101.6
15:09:36,5087.0,22.237754,114.186971,14.61,141,72,9105.7
15:09:43,5094.0,22.237949,114.186751,14.08,143,77,9136.9
15:09:47,5098.0,22.238021,114.186671,14.04,146,87,9148.4
15:09:50,5101.0,22.238089,114.186593,13.65,147,94,9163.0
15:09:54,5105.0,22.238211,114.18647,13.5,143,96,9178.0
15:09:58,5109.0,22.23831,114.186365,13.5,144,94,9193.3
15:10:06,5117.0,22.238479,114.186181,12.62,143,75,9220.0
15:10:13,5124.0,22.238546,114.186038,9.79,141,0,9236.6
15:10:22,5133.0,22.238549,114.185868,7.41,138,0,9254.2
15:10:30,5141.0,22.238503,114.185775,5.44,137,0,9265.0
15:10:40,5151.0,22.23846,114.185701,3.38,142,0,9273.9
15:10:42,5153.0,22.238449,114.185696,3.16,145,0,9275.2
15:10:43,5154.0,22.238443,114.185689,3.11,149,0,9276.1
15:10:45,5156.0,22.238437,114.185683,3.12,153,0,9277.1
15:10:50,5161.0,22.238422,114.185662,2.52,150,0,9279.8
15:10:51,5162.0,22.238418,114.185657,2.46,149,0,9280.5
15:10:58,5169.0,22.238384,114.185625,2.29,146,22,9285.6
15:11:02,5173.0,22.238362,114.185605,2.73,146,13,9288.8
15:11:08,5179.0,22.238322,114.185559,3.33,144,23,9295.3
15:11:11,5182.0,22.23829,114.18553,4.09,145,47,9299.9
15:11:14,5185.0,22.238252,114.185484,5.25,148,49,9306.2
15:11:17,5188.0,22.238215,114.185447,6.19,149,49,9311.9
15:11:22,5193.0,22.238127,114.185369,7.85,146,51,9324.4
15:11:24,5195.0,22.238091,114.185336,8.36,147,51,9329.7
15:11:31,5202.0,22.237958,114.185234,9.3,141,51,9347.8
15:11:32,5203.0,22.237937,114.185217,9.31,142,51,9350.7
15:11:38,5209.0,22.237826,114.185125,9.29,140,51,9366.3
15:11:46,5217.0,22.23765,114.184991,10.17,140,52,9390.1
15:11:52,5223.0,22.237501,114.184929,10.78,138,51,9407.9
15:11:59,5230.0,22.237326,114.18486,10.59,137,53,9428.6
15:12:07,5238.0,22.237165,114.184723,10.29,134,53,9451.4
15:12:13,5244.0,22.237083,114.184588,9.91,137,52,9468.0
15:12:14,5245.0,22.237068,114.184566,9.83,136,52,9470.8
15:12:16,5247.0,22.237044,114.184517,9.95,133,52,9476.5
15:12:21,5252.0,22.236973,114.184414,9.81,133,51,9489.7
15:12:27,5258.0,22.236875,114.184308,9.52,132,49,9505.2
15:12:34,5265.0,22.236763,114.184217,8.54,130,47,9520.8
15:12:41,5272.0,22.236671,114.184203,6.3,130,0,9531.2
15:12:51,5282.0,22.23657,114.184238,3.99,131,0,9543.0
15:12:54,5285.0,22.236547,114.184253,3.75,134,0,9546.0
15:12:59,5290.0,22.236524,114.184291,4.05,135,42,9550.6
15:13:01,5292.0,22.23651,114.184306,4.09,139,42,9552.7
15:13:10,5301.0,22.23647,114.184375,3.41,141,0,9561.1
15:13:21,5312.0,22.236435,114.184444,2.76,139,0,9569.2
15:13:32,5323.0,22.236416,114.184476,0.0,141,0,9573.1
15:13:41,5332.0,22.236405,114.18448,0.0,142,0,9574.5
15:13:47,5338.0,22.236405,114.184477,0.0,139,0,9575.3
15:13:52,5343.0,22.236398,114.184481,0.0,140,48,9576.2
15:14:02,5353.0,22.2364,114.184483,0.0,137,0,9577.0
15:14:07,5358.0,22.2364,114.184486,0.0,138,0,9577.3
15:14:19,5370.0,22.236395,114.184495,0.0,135,0,9578.3
15:14:22,5373.0,22.236396,114.1845,0.0,132,0,9578.8
15:14:25,5376.0,22.236397,114.184504,0.0,130,0,9579.1
15:14:29,5380.0,22.236396,114.184509,0.0,134,0,9579.7
15:14:30,5381.0,22.236395,114.184511,0.0,130,0,9579.9
15:14:38,5389.0,22.236388,114.184526,0.0,128,0,9581.7
15:14:40,5391.0,22.236385,114.184531,0.0,125,0,9582.3
15:14:42,5393.0,22.236382,114.184536,0.0,122,0,9582.9
15:14:50,5401.0,22.236375,114.184554,0.0,125,0,9584.9
15:14:53,5404.0,22.236373,114.184561,0.0,128,0,9585.7
15:14:56,5407.0,22.236371,114.184565,0.0,127,0,9586.1
15:15:07,5418.0,22.236365,114.184589,0.0,131,0,9588.6
15:15:10,5421.0,22.236366,114.184594,0.0,134,0,9589.2
15:15:14,5425.0,22.236365,114.184607,0.0,132,0,9590.5
15:15:20,5431.0,22.236365,114.184658,2.15,131,66,9596.0
15:15:22,5433.0,22.236356,114.184704,3.47,134,71,9600.8
15:15:25,5436.0,22.236336,114.184797,6.1,132,84,9610.6
15:15:32,5443.0,22.236276,114.185054,12.59,133,94,9637.9
15:15:35,5446.0,22.236255,114.185176,14.09,136,96,9650.7
15:15:37,5448.0,22.236245,114.185258,14.59,139,96,9659.2
15:15:38,5449.0,22.236244,114.185301,14.85,140,98,9663.6
15:15:45,5456.0,22.236212,114.185583,15.28,142,72,9693.0
15:15:52,5463.0,22.23619,114.185848,14.44,139,69,9720.4
15:15:53,5464.0,22.236186,114.185886,14.37,139,68,9724.3
15:15:58,5469.0,22.236173,114.186061,13.7,137,68,9742.4
15:16:03,5474.0,22.236153,114.186247,13.62,140,69,9761.7
15:16:04,5475.0,22.236151,114.186278,13.38,138,69,9764.9
15:16:06,5477.0,22.236139,114.186352,13.42,141,69,9772.7
15:16:10,5481.0,22.236126,114.186494,13.51,140,72,9787.4
15:16:14,5485.0,22.236107,114.18665,13.58,143,77,9803.6
15:16:16,5487.0,22.236098,114.186728,14.03,144,83,9811.7
15:16:21,5492.0,22.236072,114.186909,14.04,146,90,9830.5
15:16:25,5496.0,22.23605,114.187056,13.92,143,90,9846.0
15:16:28,5499.0,22.236042,114.187175,13.97,140,69,9858.2
15:16:33,5504.0,22.236046,114.18733,13.11,143,41,9874.2
15:16:34,5505.0,22.236047,114.187358,12.83,142,41,9877.2
15:16:44,5515.0,22.236073,114.187597,9.19,144,0,9901.9
15:16:45,5516.0,22.236078,114.187637,8.69,141,0,9906.1
15:16:49,5520.0,22.236095,114.18769,7.89,140,0,9911.9
15:16:51,5522.0,22.2361,114.187712,7.03,140,0,9914.2
15:16:54,5525.0,22.236098,114.187758,6.39,136,0,9919.0
15:16:58,5529.0,22.236102,114.187802,5.28,139,0,9923.4
15:17:01,5532.0,22.236113,114.187824,4.35,139,0,9926.0
15:17:07,5538.0,22.236127,114.187872,3.41,142,0,9931.1
15:17:09,5540.0,22.23613,114.187887,3.2,146,0,9932.7
15:17:10,5541.0,22.236133,114.187894,3.08,147,0,9933.4
15:17:23,5554.0,22.236167,114.187938,0.0,146,0,9939.6
15:17:26,5557.0,22.236173,114.187935,0.0,143,0,9940.2
15:17:32,5563.0,22.23618,114.187922,0.0,140,33,9941.7
15:17:33,5564.0,22.236187,114.187914,0.0,141,34,9942.9
15:17:42,5573.0,22.23621,114.187839,3.14,141,45,9951.1
15:17:43,5574.0,22.236211,114.187826,3.44,140,46,9952.5
15:17:49,5580.0,22.236193,114.187736,5.0,142,47,9961.9
15:17:53,5584.0,22.236173,114.187678,5.53,139,48,9968.3
15:17:54,5585.0,22.236167,114.187658,5.83,139,48,9970.5
15:18:00,5591.0,22.236135,114.187549,6.65,138,40,9982.2
15:18:02,5593.0,22.236121,114.18752,6.69,133,41,9985.6
15:18:03,5594.0,22.236116,114.187502,6.93,133,41,9987.6
15:18:06,5597.0,22.236098,114.18745,6.85,133,46,9993.3
15:18:07,5598.0,22.236091,114.187436,6.75,136,48,9995.0
15:18:10,5601.0,22.236066,114.187383,6.87,136,43,10001.1
15:18:12,5603.0,22.236048,114.187353,6.77,140,43,10004.8
15:18:14,5605.0,22.236026,114.187327,6.83,141,43,10008.4
15:18:21,5612.0,22.235952,114.187262,5.97,143,0,10019.0
15:18:26,5617.0,22.235919,114.187245,4.42,139,0,10023.1
15:18:29,5620.0,22.2359,114.187242,0.0,139,0,10025.2
15:18:30,5621.0,22.235896,114.187243,0.0,139,0,10025.6
